Date,Value
01/1915,19.25
02/1915,19.25
03/1915,19.25
04/1915,19.25
05/1915,19.25
06/1915,19.25
07/1915,19.25
08/1915,19.25
09/1915,19.25
10/1915,19.25
11/1915,19.25
12/1915,19.25
01/1916,19.47
02/1916,19.47
03/1916,19.47
04/1916,19.47
05/1916,19.47
06/1916,19.47
07/1916,19.47
08/1916,19.47
09/1916,19.47
10/1916,19.47
11/1916,19.47
12/1916,19.47
01/1917,19.66
02/1917,19.66
03/1917,19.66
04/1917,19.66
05/1917,19.66
06/1917,19.66
07/1917,19.66
08/1917,19.66
09/1917,19.66
10/1917,19.66
11/1917,19.66
12/1917,19.66
01/1918,19.84
02/1918,19.84
03/1918,19.84
04/1918,19.84
05/1918,19.84
06/1918,19.84
07/1918,19.84
08/1918,19.84
09/1918,19.84
10/1918,19.84
11/1918,19.84
12/1918,19.84
01/1919,20.03
02/1919,20.03
03/1919,20.03
04/1919,20.03
05/1919,20.03
06/1919,20.03
07/1919,20.03
08/1919,20.03
09/1919,20.03
10/1919,20.03
11/1919,20.03
12/1919,20.03
01/1920,20.63
02/1920,20.63
03/1920,20.63
04/1920,20.63
05/1920,20.63
06/1920,20.63
07/1920,20.63
08/1920,20.63
09/1920,20.63
10/1920,20.63
11/1920,20.63
12/1920,20.63
01/1921,20.69
02/1921,20.69
03/1921,20.69
04/1921,20.69
05/1921,20.69
06/1921,20.69
07/1921,20.69
08/1921,20.69
09/1921,20.69
10/1921,20.69
11/1921,20.69
12/1921,20.69
01/1922,20.84
02/1922,20.84
03/1922,20.84
04/1922,20.84
05/1922,20.84
06/1922,20.84
07/1922,20.84
08/1922,20.84
09/1922,20.84
10/1922,20.84
11/1922,20.84
12/1922,20.84
01/1923,20.75
02/1923,20.75
03/1923,20.75
04/1923,20.75
05/1923,20.75
06/1923,20.75
07/1923,20.75
08/1923,20.75
09/1923,20.75
10/1923,20.75
11/1923,20.75
12/1923,20.75
01/1924,20.78
02/1924,20.78
03/1924,20.78
04/1924,20.78
05/1924,20.78
06/1924,20.78
07/1924,20.78
08/1924,20.78
09/1924,20.78
10/1924,20.78
11/1924,20.78
12/1924,20.78
01/1925,20.75
02/1925,20.75
03/1925,20.75
04/1925,20.75
05/1925,20.75
06/1925,20.75
07/1925,20.75
08/1925,20.75
09/1925,20.75
10/1925,20.75
11/1925,20.75
12/1925,20.75
01/1926,20.72
02/1926,20.72
03/1926,20.72
04/1926,20.72
05/1926,20.72
06/1926,20.72
07/1926,20.72
08/1926,20.72
09/1926,20.72
10/1926,20.72
11/1926,20.72
12/1926,20.72
01/1927,20.75
02/1927,20.75
03/1927,20.75
04/1927,20.75
05/1927,20.75
06/1927,20.75
07/1927,20.75
08/1927,20.75
09/1927,20.75
10/1927,20.75
11/1927,20.75
12/1927,20.75
01/1928,20.78
02/1928,20.78
03/1928,20.78
04/1928,20.78
05/1928,20.78
06/1928,20.78
07/1928,20.78
08/1928,20.78
09/1928,20.78
10/1928,20.78
11/1928,20.78
12/1928,20.78
01/1929,20.72
02/1929,20.72
03/1929,20.72
04/1929,20.72
05/1929,20.72
06/1929,20.72
07/1929,20.72
08/1929,20.72
09/1929,20.72
10/1929,20.72
11/1929,20.72
12/1929,20.72
01/1930,20.69
02/1930,20.69
03/1930,20.69
04/1930,20.69
05/1930,20.69
06/1930,20.69
07/1930,20.69
08/1930,20.69
09/1930,20.69
10/1930,20.69
11/1930,20.69
12/1930,20.69
01/1931,22.59
02/1931,22.59
03/1931,22.59
04/1931,22.59
05/1931,22.59
06/1931,22.59
07/1931,22.59
08/1931,22.59
09/1931,22.59
10/1931,22.59
11/1931,22.59
12/1931,22.59
01/1932,20.78
02/1932,20.78
03/1932,20.78
04/1932,20.78
05/1932,20.78
06/1932,20.78
07/1932,20.78
08/1932,20.78
09/1932,20.78
10/1932,20.78
11/1932,20.78
12/1932,20.78
01/1933,26.47
02/1933,26.47
03/1933,26.47
04/1933,26.47
05/1933,26.47
06/1933,26.47
07/1933,26.47
08/1933,26.47
09/1933,26.47
10/1933,26.47
11/1933,26.47
12/1933,26.47
01/1934,35.0
02/1934,35.0
03/1934,35.0
04/1934,35.0
05/1934,35.0
06/1934,35.0
07/1934,35.0
08/1934,35.0
09/1934,35.0
10/1934,35.0
11/1934,35.0
12/1934,35.0
01/1935,35.0
02/1935,35.0
03/1935,35.0
04/1935,35.0
05/1935,35.0
06/1935,35.0
07/1935,35.0
08/1935,35.0
09/1935,35.0
10/1935,35.0
11/1935,35.0
12/1935,35.0
01/1936,35.0
02/1936,35.0
03/1936,35.0
04/1936,35.0
05/1936,35.0
06/1936,35.0
07/1936,35.0
08/1936,35.0
09/1936,35.0
10/1936,35.0
11/1936,35.0
12/1936,35.0
01/1937,35.0
02/1937,35.0
03/1937,35.0
04/1937,35.0
05/1937,35.0
06/1937,35.0
07/1937,35.0
08/1937,35.0
09/1937,35.0
10/1937,35.0
11/1937,35.0
12/1937,35.0
01/1938,35.0
02/1938,35.0
03/1938,35.0
04/1938,35.0
05/1938,35.0
06/1938,35.0
07/1938,35.0
08/1938,35.0
09/1938,35.0
10/1938,35.0
11/1938,35.0
12/1938,35.0
01/1939,34.69
02/1939,34.69
03/1939,34.69
04/1939,34.69
05/1939,34.69
06/1939,34.69
07/1939,34.69
08/1939,34.69
09/1939,34.69
10/1939,34.69
11/1939,34.69
12/1939,34.69
01/1940,34.06
02/1940,34.06
03/1940,34.06
04/1940,34.06
05/1940,34.06
06/1940,34.06
07/1940,34.06
08/1940,34.06
09/1940,34.06
10/1940,34.06
11/1940,34.06
12/1940,34.06
01/1941,34.06
02/1941,34.06
03/1941,34.06
04/1941,34.06
05/1941,34.06
06/1941,34.06
07/1941,34.06
08/1941,34.06
09/1941,34.06
10/1941,34.06
11/1941,34.06
12/1941,34.06
01/1942,34.06
02/1942,34.06
03/1942,34.06
04/1942,34.06
05/1942,34.06
06/1942,34.06
07/1942,34.06
08/1942,34.06
09/1942,34.06
10/1942,34.06
11/1942,34.06
12/1942,34.06
01/1943,34.06
02/1943,34.06
03/1943,34.06
04/1943,34.06
05/1943,34.06
06/1943,34.06
07/1943,34.06
08/1943,34.06
09/1943,34.06
10/1943,34.06
11/1943,34.06
12/1943,34.06
01/1944,34.06
02/1944,34.06
03/1944,34.06
04/1944,34.06
05/1944,34.06
06/1944,34.06
07/1944,34.06
08/1944,34.06
09/1944,34.06
10/1944,34.06
11/1944,34.06
12/1944,34.06
01/1945,35.0
02/1945,35.0
03/1945,35.0
04/1945,35.0
05/1945,35.0
06/1945,35.0
07/1945,35.0
08/1945,35.0
09/1945,35.0
10/1945,35.0
11/1945,35.0
12/1945,35.0
01/1946,35.0
02/1946,35.0
03/1946,35.0
04/1946,35.0
05/1946,35.0
06/1946,35.0
07/1946,35.0
08/1946,35.0
09/1946,35.0
10/1946,35.0
11/1946,35.0
12/1946,35.0
01/1947,35.0
02/1947,35.0
03/1947,35.0
04/1947,35.0
05/1947,35.0
06/1947,35.0
07/1947,35.0
08/1947,35.0
09/1947,35.0
10/1947,35.0
11/1947,35.0
12/1947,35.0
01/1948,35.0
02/1948,35.0
03/1948,35.0
04/1948,35.0
05/1948,35.0
06/1948,35.0
07/1948,35.0
08/1948,35.0
09/1948,35.0
10/1948,35.0
11/1948,35.0
12/1948,35.0
01/1949,31.88
02/1949,31.88
03/1949,31.88
04/1949,31.88
05/1949,31.88
06/1949,31.88
07/1949,31.88
08/1949,31.88
09/1949,31.88
10/1949,31.88
11/1949,31.88
12/1949,31.88
01/1950,35.0
02/1950,35.0
03/1950,35.0
04/1950,35.0
05/1950,35.0
06/1950,35.0
07/1950,35.0
08/1950,35.0
09/1950,35.0
10/1950,35.0
11/1950,35.0
12/1950,35.0
01/1951,35.0
02/1951,35.0
03/1951,35.0
04/1951,35.0
05/1951,35.0
06/1951,35.0
07/1951,35.0
08/1951,35.0
09/1951,35.0
10/1951,35.0
11/1951,35.0
12/1951,35.0
01/1952,34.69
02/1952,34.69
03/1952,34.69
04/1952,34.69
05/1952,34.69
06/1952,34.69
07/1952,34.69
08/1952,34.69
09/1952,34.69
10/1952,34.69
11/1952,34.69
12/1952,34.69
01/1953,35.0
02/1953,35.0
03/1953,35.0
04/1953,35.0
05/1953,35.0
06/1953,35.0
07/1953,35.0
08/1953,35.0
09/1953,35.0
10/1953,35.0
11/1953,35.0
12/1953,35.0
01/1954,35.31
02/1954,35.31
03/1954,35.31
04/1954,35.31
05/1954,35.31
06/1954,35.31
07/1954,35.31
08/1954,35.31
09/1954,35.31
10/1954,35.31
11/1954,35.31
12/1954,35.31
01/1955,35.31
02/1955,35.31
03/1955,35.31
04/1955,35.31
05/1955,35.31
06/1955,35.31
07/1955,35.31
08/1955,35.31
09/1955,35.31
10/1955,35.31
11/1955,35.31
12/1955,35.31
01/1956,35.31
02/1956,35.31
03/1956,35.31
04/1956,35.31
05/1956,35.31
06/1956,35.31
07/1956,35.31
08/1956,35.31
09/1956,35.31
10/1956,35.31
11/1956,35.31
12/1956,35.31
01/1957,35.0
02/1957,35.0
03/1957,35.0
04/1957,35.0
05/1957,35.0
06/1957,35.0
07/1957,35.0
08/1957,35.0
09/1957,35.0
10/1957,35.0
11/1957,35.0
12/1957,35.0
01/1958,35.31
02/1958,35.31
03/1958,35.31
04/1958,35.31
05/1958,35.31
06/1958,35.31
07/1958,35.31
08/1958,35.31
09/1958,35.31
10/1958,35.31
11/1958,35.31
12/1958,35.31
01/1959,35.31
02/1959,35.31
03/1959,35.31
04/1959,35.31
05/1959,35.31
06/1959,35.31
07/1959,35.31
08/1959,35.31
09/1959,35.31
10/1959,35.31
11/1959,35.31
12/1959,35.31
01/1960,35.31
02/1960,35.31
03/1960,35.31
04/1960,35.31
05/1960,35.31
06/1960,35.31
07/1960,35.31
08/1960,35.31
09/1960,35.31
10/1960,35.31
11/1960,35.31
12/1960,35.31
01/1961,35.31
02/1961,35.31
03/1961,35.31
04/1961,35.31
05/1961,35.31
06/1961,35.31
07/1961,35.31
08/1961,35.31
09/1961,35.31
10/1961,35.31
11/1961,35.31
12/1961,35.31
01/1962,35.31
02/1962,35.31
03/1962,35.31
04/1962,35.31
05/1962,35.31
06/1962,35.31
07/1962,35.31
08/1962,35.31
09/1962,35.31
10/1962,35.31
11/1962,35.31
12/1962,35.31
01/1963,35.31
02/1963,35.31
03/1963,35.31
04/1963,35.31
05/1963,35.31
06/1963,35.31
07/1963,35.31
08/1963,35.31
09/1963,35.31
10/1963,35.31
11/1963,35.31
12/1963,35.31
01/1964,35.31
02/1964,35.31
03/1964,35.31
04/1964,35.31
05/1964,35.31
06/1964,35.31
07/1964,35.31
08/1964,35.31
09/1964,35.31
10/1964,35.31
11/1964,35.31
12/1964,35.31
01/1965,35.31
02/1965,35.31
03/1965,35.31
04/1965,35.31
05/1965,35.31
06/1965,35.31
07/1965,35.31
08/1965,35.31
09/1965,35.31
10/1965,35.31
11/1965,35.31
12/1965,35.31
01/1966,35.31
02/1966,35.31
03/1966,35.31
04/1966,35.31
05/1966,35.31
06/1966,35.31
07/1966,35.31
08/1966,35.31
09/1966,35.31
10/1966,35.31
11/1966,35.31
12/1966,35.31
01/1967,35.31
02/1967,35.31
03/1967,35.31
04/1967,35.31
05/1967,35.31
06/1967,35.31
07/1967,35.31
08/1967,35.31
09/1967,35.31
10/1967,35.31
11/1967,35.31
12/1967,35.31
01/1968,40.31
02/1968,40.31
03/1968,40.31
04/1968,39.1
05/1968,42.0
06/1968,40.95
07/1968,38.9
08/1968,39.85
09/1968,39.7
10/1968,39.2
11/1968,39.85
12/1968,41.95
01/1969,42.55
02/1969,42.78
03/1969,43.1
04/1969,43.6
05/1969,43.15
06/1969,41.23
07/1969,41.45
08/1969,40.95
09/1969,40.65
10/1969,39.85
11/1969,35.55
12/1969,35.21
01/1970,34.98
02/1970,35.0
03/1970,35.3
04/1970,35.85
05/1970,35.5
06/1970,35.51
07/1970,35.29
08/1970,35.78
09/1970,36.24
10/1970,37.4
11/1970,37.6
12/1970,37.38
01/1971,38.0
02/1971,38.79
03/1971,38.8
04/1971,39.6
05/1971,40.8
06/1971,40.2
07/1971,42.48
08/1971,41.0
09/1971,42.48
10/1971,42.4
11/1971,43.55
12/1971,43.5
01/1972,46.95
02/1972,48.4
03/1972,48.38
04/1972,49.5
05/1972,59.3
06/1972,64.1
07/1972,68.9
08/1972,66.8
09/1972,64.1
10/1972,64.43
11/1972,63.6
12/1972,64.7
01/1973,66.0
02/1973,85.3
03/1973,90.25
04/1973,90.7
05/1973,114.5
06/1973,123.5
07/1973,115.2
08/1973,104.0
09/1973,100.25
10/1973,97.25
11/1973,100.25
12/1973,112.25
01/1974,133.25
02/1974,169.5
03/1974,173.0
04/1974,168.5
05/1974,156.5
06/1974,146.75
07/1974,154.0
08/1974,155.25
09/1974,147.5
10/1974,166.4
11/1974,182.0
12/1974,187.5
01/1975,176.25
02/1975,181.75
03/1975,177.75
04/1975,167.4
05/1975,167.75
06/1975,166.0
07/1975,166.4
08/1975,161.5
09/1975,138.25
10/1975,143.4
11/1975,138.25
12/1975,140.25
01/1976,128.0
02/1976,132.3
03/1976,129.5
04/1976,128.15
05/1976,125.25
06/1976,123.8
07/1976,112.4
08/1976,103.05
09/1976,116.1
10/1976,122.3
11/1976,130.1
12/1976,134.55
01/1977,132.1
02/1977,142.25
03/1977,149.8
04/1977,146.5
05/1977,143.2
06/1977,142.95
07/1977,144.5
08/1977,146.0
09/1977,153.9
10/1977,160.8
11/1977,159.8
12/1977,165.6
01/1978,175.2
02/1978,182.0
03/1978,180.75
04/1978,170.0
05/1978,184.9
06/1978,183.2
07/1978,198.9
08/1978,207.3
09/1978,217.45
10/1978,243.65
11/1978,193.7
12/1978,224.5
01/1979,233.05
02/1979,250.9
03/1979,239.65
04/1979,243.45
05/1979,277.15
06/1979,276.45
07/1979,295.35
08/1979,317.75
09/1979,397.0
10/1979,379.75
11/1979,417.2
12/1979,524.0
01/1980,668.0
02/1980,640.0
03/1980,503.25
04/1980,519.25
05/1980,531.4
06/1980,662.5
07/1980,618.0
08/1980,633.75
09/1980,670.0
10/1980,636.0
11/1980,621.5
12/1980,589.5
01/1981,507.5
02/1981,490.25
03/1981,514.25
04/1981,481.0
05/1981,478.75
06/1981,421.5
07/1981,405.25
08/1981,425.5
09/1981,426.5
10/1981,429.0
11/1981,415.5
12/1981,400.0
01/1982,388.25
02/1982,363.25
03/1982,320.5
04/1982,356.75
05/1982,325.5
06/1982,314.0
07/1982,342.5
08/1982,409.6
09/1982,394.75
10/1982,422.0
11/1982,428.25
12/1982,448.0
01/1983,503.0
02/1983,419.75
03/1983,414.25
04/1983,428.5
05/1983,439.0
06/1983,416.75
07/1983,422.25
08/1983,414.5
09/1983,404.0
10/1983,383.5
11/1983,405.75
12/1983,381.5
01/1984,371.9
02/1984,396.6
03/1984,388.5
04/1984,376.2
05/1984,383.45
06/1984,375.25
07/1984,341.6
08/1984,347.7
09/1984,344.15
10/1984,334.5
11/1984,328.6
12/1984,309.0
01/1985,304.9
02/1985,290.5
03/1985,329.8
04/1985,324.65
05/1985,313.15
06/1985,316.5
07/1985,328.1
08/1985,335.75
09/1985,326.5
10/1985,325.75
11/1985,327.4
12/1985,327.0
01/1986,354.0
02/1986,338.25
03/1986,345.5
04/1986,344.75
05/1986,343.35
06/1986,345.5
07/1986,357.75
08/1986,386.0
09/1986,421.2
10/1986,401.5
11/1986,390.0
12/1986,390.9
01/1987,407.3
02/1987,405.75
03/1987,419.0
04/1987,454.5
05/1987,451.75
06/1987,447.1
07/1987,464.25
08/1987,455.9
09/1987,459.15
10/1987,468.0
11/1987,493.9
12/1987,486.5
01/1988,465.25
02/1988,423.75
03/1988,458.0
04/1988,449.75
05/1988,454.0
06/1988,436.85
07/1988,432.7
08/1988,426.35
09/1988,396.15
10/1988,412.3
11/1988,421.3
12/1988,410.15
01/1989,394.85
02/1989,386.75
03/1989,382.3
04/1989,381.3
05/1989,363.5
06/1989,371.15
07/1989,369.1
08/1989,359.6
09/1989,369.0
10/1989,376.05
11/1989,406.8
12/1989,401.0
01/1990,417.55
02/1990,409.1
03/1990,372.2
04/1990,371.55
05/1990,363.7
06/1990,352.4
07/1990,371.1
08/1990,388.1
09/1990,406.1
10/1990,379.25
11/1990,384.8
12/1990,391.0
01/1991,369.6
02/1991,363.0
03/1991,354.0
04/1991,353.45
05/1991,361.55
06/1991,366.9
07/1991,363.6
08/1991,347.0
09/1991,350.5
10/1991,357.4
11/1991,366.85
12/1991,353.4
01/1992,354.15
02/1992,353.05
03/1992,341.5
04/1992,336.25
05/1992,337.55
06/1992,343.4
07/1992,357.95
08/1992,340.5
09/1992,349.0
10/1992,338.8
11/1992,333.7
12/1992,332.9
01/1993,330.75
02/1993,328.75
03/1993,336.9
04/1993,353.45
05/1993,381.0
06/1993,379.0
07/1993,403.7
08/1993,370.6
09/1993,352.65
10/1993,369.1
11/1993,370.8
12/1993,390.65
01/1994,378.2
02/1994,380.75
03/1994,389.7
04/1994,376.45
05/1994,386.25
06/1994,385.4
07/1994,384.05
08/1994,386.25
09/1994,395.35
10/1994,387.4
11/1994,383.35
12/1994,382.5
01/1995,375.85
02/1995,375.7
03/1995,386.55
04/1995,389.5
05/1995,384.25
06/1995,387.6
07/1995,383.35
08/1995,381.65
09/1995,383.75
10/1995,382.4
11/1995,387.85
12/1995,386.7
01/1996,403.2
02/1996,400.35
03/1996,396.7
04/1996,390.15
05/1996,390.55
06/1996,381.3
07/1996,385.5
08/1996,387.25
09/1996,379.3
10/1996,379.3
11/1996,371.9
12/1996,369.55
01/1997,345.0
02/1997,360.6
03/1997,349.5
04/1997,340.45
05/1997,345.75
06/1997,334.05
07/1997,326.0
08/1997,325.4
09/1997,328.75
10/1997,310.4
11/1997,296.9
12/1997,289.2
01/1998,301.8
02/1998,296.55
03/1998,299.9
04/1998,310.7
05/1998,292.4
06/1998,295.75
07/1998,289.4
08/1998,273.4
09/1998,294.1
10/1998,293.1
11/1998,295.75
12/1998,287.45
01/1999,285.65
02/1999,286.8
03/1999,279.8
04/1999,285.85
05/1999,271.05
06/1999,261.2
07/1999,256.75
08/1999,254.6
09/1999,303.75
10/1999,298.85
11/1999,292.0
12/1999,290.85
01/2000,283.05
02/2000,294.0
03/2000,275.9
04/2000,275.85
05/2000,272.25
06/2000,289.15
07/2000,277.4
08/2000,274.95
09/2000,274.1
10/2000,263.8
11/2000,267.0
12/2000,272.65
01/2001,266.2
02/2001,265.0
03/2001,259.05
04/2001,263.45
05/2001,266.1
06/2001,269.9
07/2001,265.55
08/2001,275.35
09/2001,290.85
10/2001,280.95
11/2001,274.7
12/2001,276.5
01/2002,281.5
02/2002,296.55
03/2002,303.0
04/2002,309.35
05/2002,327.25
06/2002,319.05
07/2002,305.5
08/2002,312.4
09/2002,322.4
10/2002,316.35
11/2002,318.25
12/2002,342.75
01/2003,370.35
02/2003,347.65
03/2003,335.35
04/2003,336.0
05/2003,365.8
06/2003,345.15
07/2003,355.75
08/2003,371.0
09/2003,384.5
10/2003,384.6
11/2003,398.1
12/2003,417.25
01/2004,401.3
02/2004,392.25
03/2004,423.0
04/2004,387.3
05/2004,393.85
06/2004,393.75
07/2004,389.6
08/2004,408.1
09/2004,412.35
10/2004,426.2
11/2004,452.0
12/2004,438.0
01/2005,423.8
02/2005,436.55
03/2005,427.5
04/2005,433.2
05/2005,416.9
06/2005,436.8
07/2005,427.15
08/2005,433.0
09/2005,473.4
10/2005,472.65
11/2005,493.8
12/2005,513.0
01/2006,569.8
02/2006,556.5
03/2006,584.0
04/2006,638.25
05/2006,654.0
06/2006,600.4
07/2006,637.0
08/2006,621.75
09/2006,601.75
10/2006,600.9
11/2006,638.4
12/2006,635.7
01/2007,645.75
02/2007,677.0
03/2007,663.5
04/2007,678.0
05/2007,656.6
06/2007,648.5
07/2007,666.75
08/2007,668.0
09/2007,737.75
10/2007,783.0
11/2007,794.75
12/2007,836.5
01/2008,923.75
02/2008,969.0
03/2008,937.25
04/2008,867.75
05/2008,879.5
06/2008,932.75
07/2008,912.0
08/2008,836.5
09/2008,897.0
10/2008,728.5
11/2008,813.5
12/2008,865.0
01/2009,918.5
02/2009,943.75
03/2009,918.5
04/2009,889.0
05/2009,972.0
06/2009,941.0
07/2009,936.5
08/2009,950.75
09/2009,1001.25
10/2009,1044.5
11/2009,1172.0
12/2009,1104.0
01/2010,1082.75
02/2010,1112.5
03/2010,1109.5
04/2010,1175.25
05/2010,1214.0
06/2010,1240.5
07/2010,1168.0
08/2010,1233.5
09/2010,1311.0
10/2010,1336.75
11/2010,1375.0
12/2010,1410.25
01/2011,1333.5
02/2011,1409.75
03/2011,1431.0
04/2011,1531.0
05/2011,1537.0
06/2011,1508.0
07/2011,1613.75
08/2011,1826.0
09/2011,1629.0
10/2011,1718.0
11/2011,1704.0
12/2011,1574.5
01/2012,1738.0
02/2012,1788.0
03/2012,1660.75
04/2012,1662.5
05/2012,1567.5
06/2012,1569.5
07/2012,1622.75
08/2012,1657.75
09/2012,1781.0
10/2012,1718.0
11/2012,1728.25
12/2012,1664.0
01/2013,1674.5
02/2013,1591.0
03/2013,1602.5
04/2013,1472.75
05/2013,1410.25
06/2013,1203.25
07/2013,1331.5
08/2013,1392.75
09/2013,1335.75
10/2013,1333.75
11/2013,1245.25
12/2013,1201.5
01/2014,1246.5
02/2014,1327.75
03/2014,1294.0
04/2014,1292.0
05/2014,1254.0
06/2014,1313.0
07/2014,1295.0
08/2014,1285.75
09/2014,1210.0
10/2014,1173.25
11/2014,1184.5
12/2014,1199.25
01/2015,1263.5
02/2015,1205.0
03/2015,1179.25
04/2015,1204.3
05/2015,1189.8
06/2015,1171.8
07/2015,1095.1
08/2015,1132.5
09/2015,1115.2
10/2015,1141.4
11/2015,1065.3
12/2015,1060.2
01/2016,1116.4
02/2016,1234.4
03/2016,1235.6
04/2016,1290.5
05/2016,1217.5
06/2016,1320.6
07/2016,1357.5
08/2016,1311.4
09/2016,1317.1
10/2016,1273.1
11/2016,1173.9
12/2016,1151.7
01/2017,1211.4
02/2017,1253.9
03/2017,1251.2
04/2017,1268.3
05/2017,1275.4
06/2017,1242.3
07/2017,1273.4
08/2017,1322.2
09/2017,1284.8
10/2017,1270.5
11/2017,1282.15
12/2017,1296.5
01/2018,1343.35
02/2018,1320.3
03/2018,1323.9
04/2018,1316.25
05/2018,1303.5
06/2018,1250.55
07/2018,1219.2
08/2018,1206.85
09/2018,1183.5
10/2018,1217.7
11/2018,1220.45
12/2018,1281.65
01/2019,1322.5
02/2019,1325.45
03/2019,1291.15
04/2019,1285.15
05/2019,1296.0
06/2019,1413.2
07/2019,1430.55
08/2019,1526.55
09/2019,1487.6
10/2019,1506.4
11/2019,1456.35
12/2019,1523.0
01/2020,1580.85
02/2020,1626.35
03/2020,1604.65
04/2020,1716.75
05/2020,1725.65
06/2020,1770.7
07/2020,1971.68
08/2020,1970.5
09/2020,1893.9
10/2020,1879.9
11/2020,1779.86
12/2020,1895.1
01/2021,1849.7
02/2021,1728.8
03/2021,1715.24
04/2021,1767.7
05/2021,1904.74
06/2021,1771.6
07/2021,1814.12
08/2021,1815.8
09/2021,1756.66
10/2021,1783.9
11/2021,1775.92
12/2021,1828.6
01/2022,1796.12
02/2022,1900.7
03/2022,1953.04
04/2022,1911.7
05/2022,1847.26
06/2022,1817.4548
07/2022,1766.4309
08/2022,1708.58
09/2022,1660.8799
10/2022,1632.38
11/2022,1768.61
12/2022,1824.3233
01/2023,1928.1201
02/2023,1826.7404
03/2023,1969.5459
04/2023,1990.6
05/2023,1965.2
06/2023,1919.5693
07/2023,1964.3387
08/2023,1939.8281
09/2023,1848.4898
10/2023,1984.0109
11/2023,2044.8957
12/2023,2062.9233
01/2024,2039.1538
02/2024,2044.1997
03/2024,2231.5551
04/2024,2285.9886
05/2024,2327.2836
06/2024,2326.7177
07/2024,2447.3573
08/2024,2503.3796
09/2024,2634.7649
10/2024,2746.7019
11/2024,2651.2196
12/2024,2624.603
01/2025,2798.1969
02/2025,2858.0493
03/2025,3123.0822
04/2025,3288.7814
05/2025,3289.5548
06/2025,3266.4101
07/2025,3285.7772
08/2025,3373.9558
09/2025,3759.5257
10/2025,4094.0485
